No. ,Link,Title,Location
1,https://kr.indeed.com/viewjob?jk=e11bc11a4d72cc54,MPK / MPI-SD Joint Postdoctoral Position for Ultrafast Nonli...,���ѹα�
2,https://kr.indeed.com/viewjob?jk=518f85bf2e48adb9,"������ �м� �� ������ �о� (Python, SAS, ������-����,���...",���� ���ʱ�
3,https://kr.indeed.com/viewjob?jk=752a4b5d63eac97c,Back-end Engineer (Python),���� ������
4,https://kr.indeed.com/viewjob?jk=92bd400e3b5306ba,[Search & Clova] Clova AI ����,���ѹα�
5,https://kr.indeed.com/viewjob?jk=a4cf93176abe0ca7,[NICEȦ����] 2020�� �����(IT) ����,����
6,https://kr.indeed.com/viewjob?jk=375b9893c3001c55,"Python, C��C++ ������ ����ó��/���� ������ ������",���� ������
7,https://kr.indeed.com/viewjob?jk=9ce4cf996346a296,2020�� ��1ȸ ������ ������ �ٷ���,���ѹα�
8,https://kr.indeed.com/viewjob?jk=0529d7fe482662d6,�� �ι��� ��»��,���� ��������
9,https://kr.indeed.com/viewjob?jk=22648806d1d9ecb2,������(�Ⱓ�� �ٷ���),���ѹα�
10,https://kr.indeed.com/viewjob?jk=a358a39da5dfc360,[NAVERxLINE] Global Ad Data Engineer/AI...,���ѹα�
11,https://kr.indeed.com/viewjob?jk=5ebcf81136b8db01,Value��ȭCoE ������ �м�/���� ���� �����,���� �������Ա���
11,https://kr.indeed.com/viewjob?jk=00a0869d8ef11d98,APEC ���ļ��� (������� ������),���ѹα�
12,https://kr.indeed.com/viewjob?jk=55a19c92c845685e,Developer / Designer recruit,���� ������
13,https://kr.indeed.com/viewjob?jk=e159ccf3cc40ee72,2020�� ��ݱ� ��»��,��⵵
14,https://kr.indeed.com/viewjob?jk=4918f4fc2b300889,[�̸�Ʈ] �̸�Ʈ �����ͺм� ��»�� ����,���ѹα�
15,https://kr.indeed.com/viewjob?jk=d7a5d7d67068b597,Django + Python ������,���� ��������д�����
16,https://kr.indeed.com/viewjob?jk=b87ff4aabad6e65e,Process & Data Scientist,���ѹα�
17,https://kr.indeed.com/viewjob?jk=9e2408dd842f3bfd,�鿣�� ���� ����,����
18,https://kr.indeed.com/viewjob?jk=917cc06120add6e1,Data Scientist,���� ������
19,https://kr.indeed.com/viewjob?jk=ba8a42230e9bee5a,������ �м� ����,����
20,https://kr.indeed.com/viewjob?jk=ce6747e77c861c46,Data Scientist,����
21,https://kr.indeed.com/viewjob?jk=e11bc11a4d72cc54,MPK / MPI-SD Joint Postdoctoral Position for Ultrafast Nonli...,���ѹα�
21,https://kr.indeed.com/viewjob?jk=9c2281e1928e4fcd,2020�� 4�� ����ä��,���� ������
22,https://kr.indeed.com/viewjob?jk=e2584f004200e0b2,�� �ι� ���� �� �����,���� ��õ��
23,https://kr.indeed.com/viewjob?jk=9b1f69a8e03a8def,���ں�ǰ������ ������������� ������,���� �д籸
24,https://kr.indeed.com/viewjob?jk=e4e36162481db73f,[����] RCS(Risk Consulting Services) ���� Fo...,���� ������
25,https://kr.indeed.com/viewjob?jk=c2cf32da4ed35d9b,Korea Structuring Junior,���ѹα�
26,https://kr.indeed.com/viewjob?jk=c3c0448a294b2db0,Application Analyst,����
27,https://kr.indeed.com/viewjob?jk=0fb2aa7383559cf1,�װ����û �Ⱓ�� �ٷ���(������),���ѹα�
28,https://kr.indeed.com/viewjob?jk=b69af385d3f6752c,2020�� ��ݱ� ��»��,��⵵
29,https://kr.indeed.com/viewjob?jk=092d062a6faa7139,������ �м���,���� �Ǳ���
30,https://kr.indeed.com/viewjob?jk=d6a77ebabfefeba6,2020�� ��1ȸ ������ �ٷ��� ����,���ѹα�
31,https://kr.indeed.com/viewjob?jk=e11bc11a4d72cc54,MPK / MPI-SD Joint Postdoctoral Position for Ultrafast Nonli...,���ѹα�
31,https://kr.indeed.com/viewjob?jk=e65a195da656bcdc,[�������÷���] ������ ���Ͻ�,���ѹα�
32,https://kr.indeed.com/viewjob?jk=166aa0c72e94a266,Business Data Analyst,���� ������
33,https://kr.indeed.com/viewjob?jk=df21e3bb5d773616,Python Programmer,���� ���ʱ�
34,https://kr.indeed.com/viewjob?jk=8658d39b5a20b88c,���ĺ�ȭ���ð� ������ �ٷ���,���ѹα�
35,https://kr.indeed.com/viewjob?jk=554c2e55cc985488,Data Scientist,����
36,https://kr.indeed.com/viewjob?jk=71c47ac87bb4087e,��� ���� �ΰ����� ���� ����/���� ����,���� ���Ǳ�
37,https://kr.indeed.com/viewjob?jk=0c5605721b0d73ec,������ �м���(������),����
38,https://kr.indeed.com/viewjob?jk=8e2147693973f86d,��Ʈ��ũ ����,���� �Ǳ���
39,https://kr.indeed.com/viewjob?jk=eb45c08f4c4a43d8,Data Analyst,����
40,https://kr.indeed.com/viewjob?jk=27e932628adc768b,[������Ʈ�ѽ�] 2020�� ��� ���� (1.�����App/�� ���� 2.����...,���ѹα�
41,https://kr.indeed.com/viewjob?jk=e11bc11a4d72cc54,MPK / MPI-SD Joint Postdoctoral Position for Ultrafast Nonli...,���ѹα�
41,https://kr.indeed.com/viewjob?jk=d8acf67d97b07247,���û(������ǳ����) ������ �ٷ��� (����),���ѹα�
42,https://kr.indeed.com/viewjob?jk=184b0b4e3ca1c557,Pricing - Regional Contributions Analyst,����
43,https://kr.indeed.com/viewjob?jk=b2cfcc7d4b79c216,[Search&Clova] Clova ê�� Platform ���� ����/��...,���ѹα�
44,https://kr.indeed.com/viewjob?jk=df9e2b3f78d72831,2020�� ��ݱ� �� �ι� ����,���� ������
45,https://kr.indeed.com/viewjob?jk=7af1798e214d4067,Support Engineer _ Devices & IoT,����
46,https://kr.indeed.com/viewjob?jk=0bbf23c0930be392,Support Engineer,����
47,https://kr.indeed.com/viewjob?jk=aac8e9355cb855ac,[����Ǯ] ��Ƽ��Ʈ,����
48,https://kr.indeed.com/viewjob?jk=4a65a5779d9c9e2a,"R&D Engineer, Sr I",����
49,https://kr.indeed.com/viewjob?jk=af4eba857169ba01,[�ѱ�����Ŭ] Data Center Technician (Engineer...,������ ��õ
50,https://kr.indeed.com/viewjob?jk=0bce5c7e8c1e521d,[���Ŀ¶���4] ��ũ���� ��Ƽ��Ʈ,����
51,https://kr.indeed.com/viewjob?jk=e11bc11a4d72cc54,MPK / MPI-SD Joint Postdoctoral Position for Ultrafast Nonli...,���ѹα�
